,book_id,page_count,price_online,price_offline
0,10893153,320.0,645.0,679
1,10949548,304.0,835.0,879
2,10894146,256.0,626.0,659
3,10889085,624.0,2285.0,2689
4,10275510,701.0,626.0,659
5,10044586,828.0,588.0,619
6,10954665,736.0,1006.0,1059
7,10950251,704.0,329.0,329
8,10905455,320.0,499.0,499
9,10482562,480.0,239.0,239
10,10918952,352.0,1430.0,1589
11,10902606,768.0,909.0,909
12,10917779,608.0,609.0,609
13,10887280,320.0,639.0,639
14,10886876,832.0,409.0,409
15,10864741,352.0,739.0,739
16,10835727,384.0,409.0,409
17,10747756,248.0,2685.0,3159
18,10633838,199.0,499.0,499
19,10623698,160.0,379.0,379
20,10508702,640.0,239.0,239
21,10388795,380.0,209.0,209
22,10182039,349.0,189.0,189
23,10954876,256.0,199.0,199
24,10955074,448.0,1395.0,1469
25,10951131,320.0,279.0,279
26,10938595,416.0,835.0,879
27,10949647,288.0,289.0,289
28,10948865,288.0,209.0,209
29,10949079,416.0,299.0,299
30,10945742,320.0,209.0,209
31,10946670,838.0,635.0,669
32,10943203,384.0,319.0,319
33,10943220,320.0,219.0,219
34,10939833,384.0,299.0,299
35,10938654,384.0,169.0,169
36,10938661,336.0,169.0,169
37,10937800,592.0,779.0,779
38,10937516,448.0,692.0,729
39,10937514,384.0,159.0,159
40,10937465,480.0,159.0,159
41,10937008,416.0,319.0,319
42,10936570,368.0,949.0,999
43,10936315,192.0,825.0,869
44,10936555,216.0,825.0,869
45,10931516,416.0,259.0,259
46,10929477,256.0,289.0,289
47,10928978,256.0,239.0,239
48,10928085,416.0,189.0,189
49,10927129,384.0,259.0,259
50,10927143,384.0,289.0,289
51,10925431,384.0,239.0,239
52,10921307,704.0,409.0,409
53,10920950,384.0,269.0,269
54,10918502,384.0,550.0,579
55,10918488,288.0,645.0,679
56,10917821,288.0,229.0,229
57,10917832,320.0,329.0,329
58,10904391,160.0,1909.0,1909
59,10914195,352.0,339.0,339
60,10908827,48.0,259.0,259
61,10906628,256.0,209.0,209
62,10904290,864.0,759.0,799
63,10903185,800.0,806.0,849
64,10902096,352.0,319.0,319
65,10888031,512.0,778.0,819
66,10882302,224.0,319.0,319
67,10879351,368.0,892.0,939
68,10880516,448.0,419.0,419
69,10864575,640.0,578.0,609
70,10864275,480.0,692.0,729
71,10864278,640.0,299.0,299
72,10863610,384.0,249.0,249
73,10862019,416.0,531.0,559
74,10857198,288.0,329.0,329
75,10858395,352.0,239.0,239
76,10849630,384.0,469.0,469
77,10843449,288.0,359.0,359
78,10845261,576.0,279.0,279
79,10844260,448.0,289.0,289
80,10844245,512.0,369.0,369
81,10832862,608.0,299.0,299
82,10832868,160.0,289.0,289
83,10831852,320.0,339.0,339
84,10790528,416.0,289.0,289
85,10737821,288.0,499.0,499
86,10729049,222.0,531.0,559
87,10721976,448.0,219.0,219
88,10719976,384.0,209.0,209
89,10704971,928.0,1120.0,1179
90,10640333,352.0,249.0,249
91,10624046,288.0,329.0,329
92,10624063,416.0,239.0,239
93,10623695,176.0,219.0,219
94,10615952,352.0,219.0,219
95,10612062,320.0,329.0,329
96,10611306,480.0,319.0,319
97,10579436,320.0,229.0,229
98,10567224,64.0,489.0,489
99,10543273,320.0,239.0,239
100,10517619,1024.0,329.0,329
101,10517620,1696.0,664.0,699
102,10483847,320.0,179.0,179
103,10481504,800.0,550.0,579
104,10480607,479.0,629.0,629
105,10470442,352.0,502.0,529
106,10469701,320.0,219.0,219
107,10455888,320.0,229.0,229
108,10429829,317.0,339.0,339
109,10420290,320.0,329.0,329
110,10405963,479.0,359.0,359
111,10381401,224.0,229.0,229
112,10363824,446.0,229.0,229
113,10309137,381.0,199.0,199
114,10239876,319.0,329.0,329
115,10238085,319.0,289.0,289
116,10221224,639.0,219.0,219
117,10197321,254.0,269.0,269
118,10179415,288.0,249.0,249
119,10176708,444.0,279.0,279
120,10168229,671.0,289.0,289
121,10148774,478.0,269.0,269
122,10954877,272.0,189.0,189
123,10955614,448.0,692.0,729
124,10953788,704.0,1006.0,1059
125,10950253,384.0,299.0,299
126,10938593,400.0,825.0,869
127,10940250,384.0,279.0,279
128,10949391,512.0,459.0,459
129,10948858,1424.0,1759.0,1759
130,10947361,608.0,259.0,259
131,10948323,576.0,369.0,369
132,10946669,384.0,259.0,259
133,10947195,768.0,319.0,319
134,10945906,320.0,359.0,359
135,10942376,800.0,279.0,279
136,10939573,384.0,229.0,229
137,10938162,448.0,159.0,159
138,10938287,640.0,721.0,759
139,10938164,320.0,259.0,259
140,10937805,256.0,309.0,309
141,10937571,352.0,259.0,259
142,10937591,224.0,269.0,269
143,10936571,360.0,949.0,999
144,10936565,544.0,949.0,999
145,10936556,222.0,825.0,869
146,10936468,256.0,199.0,199
147,10934712,288.0,199.0,199
148,10934645,320.0,319.0,319
149,10934274,80.0,129.0,129
150,10934190,1376.0,1386.0,1459
151,10933450,864.0,919.0,919
152,10932369,384.0,550.0,579
153,10932375,448.0,269.0,269
154,10931557,256.0,299.0,299
155,10932100,448.0,429.0,429
156,10930463,160.0,449.0,449
157,10931802,384.0,249.0,249
158,10929338,608.0,597.0,629
159,10928937,320.0,299.0,299
160,10930566,288.0,319.0,319
161,10930500,256.0,502.0,529
162,10930491,352.0,289.0,289
163,10930642,320.0,825.0,869
164,10922704,288.0,199.0,199
165,10929272,288.0,299.0,299
166,10929077,224.0,483.0,509
167,10927396,384.0,539.0,539
168,10927120,288.0,219.0,219
169,10922700,288.0,588.0,619
170,10922706,576.0,859.0,859
171,10921573,288.0,249.0,249
172,10918441,272.0,692.0,729
173,10920066,704.0,459.0,459
174,10920098,416.0,249.0,249
175,10918500,288.0,531.0,559
176,10918490,608.0,379.0,379
177,10915491,320.0,169.0,169
178,10912952,256.0,299.0,299
179,10911311,224.0,239.0,239
180,10909635,352.0,339.0,339
181,10910882,480.0,692.0,729
182,10910895,640.0,429.0,429
183,10910688,352.0,339.0,339
184,10908554,696.0,1243.0,1309
185,10910479,320.0,529.0,529
186,10908379,320.0,259.0,259
187,10902616,320.0,559.0,559
188,10905310,320.0,219.0,219
189,10904736,350.0,616.0,649
190,10904735,254.0,616.0,649
191,10900846,136.0,259.0,259
192,10897569,992.0,409.0,409
193,10897579,416.0,299.0,299
194,10898176,768.0,1399.0,1399
195,10894129,352.0,329.0,329
196,10893202,704.0,369.0,369
197,10891867,696.0,1520.0,1689
198,10891655,320.0,329.0,329
199,10892044,448.0,369.0,369
200,10891665,288.0,319.0,319
201,10888448,320.0,469.0,469
202,10888056,576.0,389.0,389
203,10888355,496.0,569.0,599
204,10886377,480.0,409.0,409
205,10885644,368.0,645.0,679
206,10879337,576.0,1319.0,1389
207,10876652,416.0,239.0,239
208,10873843,384.0,249.0,249
209,10873233,464.0,459.0,459
210,10872031,480.0,379.0,379
211,10870782,384.0,309.0,309
212,10866190,448.0,1310.0,1379
213,10870166,256.0,239.0,239
214,10864062,828.0,2260.0,2659
215,10864068,1133.0,2060.0,2289
216,10865592,254.0,578.0,609
217,10862642,320.0,279.0,279
218,10862537,288.0,239.0,239
219,10862547,352.0,249.0,249
220,10861134,350.0,664.0,699
221,10859758,384.0,319.0,319
222,10859754,256.0,289.0,289
223,10859531,224.0,459.0,459
224,10859784,576.0,930.0,979
225,10858431,512.0,769.0,769
226,10858304,320.0,531.0,559
227,10855030,352.0,531.0,559
228,10852230,320.0,289.0,289
229,10852253,320.0,329.0,329
230,10851169,288.0,692.0,729
231,10851254,168.0,469.0,469
232,10850861,192.0,339.0,339
233,10849347,464.0,787.0,829
234,10843303,224.0,429.0,429
235,10842805,128.0,806.0,849
236,10843275,640.0,645.0,679
237,10838901,720.0,1101.0,1159
238,10839532,270.0,692.0,729
239,10834018,245.0,1082.0,1139
240,10832308,624.0,1224.0,1289
241,10828306,320.0,854.0,899
242,10828299,544.0,2105.0,2339
243,10826233,1024.0,379.0,379
244,10822419,397.0,949.0,999
245,10817238,224.0,483.0,509
246,10799468,144.0,389.0,389
247,10791889,640.0,3159.0,3949
248,10792351,608.0,711.0,749
249,10791061,480.0,289.0,289
250,10786751,128.0,209.0,209
251,10786048,768.0,289.0,289
252,10781526,256.0,626.0,659
253,10773080,352.0,239.0,239
254,10771259,320.0,825.0,869
255,10755879,256.0,825.0,869
256,10754294,224.0,229.0,229
257,10744688,320.0,239.0,239
258,10743149,352.0,521.0,549
259,10737414,624.0,719.0,719
260,10736770,352.0,249.0,249
261,10733521,224.0,419.0,419
262,10730633,384.0,349.0,349
263,10732298,334.0,531.0,559
264,10711203,288.0,239.0,239
265,10704280,416.0,2965.0,3489
266,10538131,416.0,2863.0,3369
267,10646879,432.0,977.0,1029
268,10647862,768.0,958.0,1009
269,10644892,400.0,588.0,619
270,10640633,320.0,419.0,419
271,10634524,160.0,259.0,259
272,10629729,400.0,319.0,319
273,10630857,192.0,189.0,189
274,10617186,944.0,1101.0,1159
275,10607740,416.0,873.0,919
276,10611844,400.0,309.0,309
277,10598617,512.0,369.0,369
278,10589399,832.0,439.0,439
279,10589247,400.0,683.0,719
280,10585111,320.0,3447.0,4309
281,10575187,384.0,219.0,219
282,10570120,416.0,229.0,229
283,10568252,256.0,219.0,219
284,10562087,448.0,1826.0,2029
285,10540533,896.0,379.0,379
286,10517912,668.0,920.0,969
287,10516422,383.0,339.0,339
288,10508338,288.0,289.0,289
289,10452156,735.0,299.0,299
290,10504749,272.0,588.0,619
291,10504340,767.0,319.0,319
292,10498849,352.0,329.0,329
293,10498853,352.0,389.0,389
294,10491654,352.0,626.0,659
295,10491488,413.0,259.0,259
296,10480597,448.0,259.0,259
297,10465199,320.0,1637.0,1819
298,10457918,320.0,1709.0,1899
299,10453470,480.0,835.0,879
300,10447636,384.0,229.0,229
301,10446336,320.0,259.0,259
302,10446423,478.0,199.0,199
303,10428199,256.0,531.0,559
304,10421690,288.0,597.0,629
305,10404227,448.0,229.0,229
306,10396366,350.0,219.0,219
307,10392618,256.0,550.0,579
308,10388022,320.0,209.0,209
309,10388020,797.0,329.0,329
310,10372549,608.0,269.0,269
311,10365332,224.0,319.0,319
312,10305074,255.0,409.0,409
313,10297272,416.0,359.0,359
314,10290641,319.0,249.0,249
315,10285565,160.0,469.0,469
316,10277600,350.0,339.0,339
317,10273580,255.0,219.0,219
318,10272302,637.0,319.0,319
319,10229644,479.0,369.0,369
320,10222079,382.0,259.0,259
321,10206956,223.0,209.0,209
322,10201047,800.0,429.0,429
323,10177076,288.0,239.0,239
324,10188442,221.0,169.0,169
325,10186930,863.0,349.0,349
326,10167295,351.0,239.0,239
327,10957076,704.0,1006.0,1059
328,10956880,576.0,626.0,659
329,10956879,576.0,329.0,329
330,10954753,896.0,1952.0,2169
331,10955216,352.0,550.0,579
332,10954757,264.0,569.0,599
333,10954756,256.0,550.0,579
334,10955985,720.0,1367.0,1519
335,10955128,416.0,259.0,259
336,10956844,384.0,279.0,279
337,10953742,768.0,863.0,909
338,10953741,496.0,711.0,749
339,10954755,576.0,1484.0,1649
340,10956469,304.0,709.0,709
341,10955821,768.0,1759.0,1759
342,10955279,496.0,616.0,649
343,10955091,224.0,359.0,359
344,10955630,320.0,319.0,319
345,10955177,352.0,349.0,349
346,10940178,160.0,1234.0,1299
347,10954584,496.0,709.0,709
348,10954354,320.0,429.0,429
349,10953733,384.0,659.0,659
350,10946270,256.0,249.0,249
351,10951126,832.0,1053.0,1109
352,10951142,576.0,1006.0,1059
353,10939286,113.0,778.0,819
354,10950543,688.0,2285.0,2689
355,10952190,216.0,835.0,879
356,10952195,478.0,1367.0,1439
357,10951019,364.0,702.0,739
358,10949935,320.0,239.0,239
359,10950161,384.0,459.0,459
360,10950146,224.0,349.0,349
361,10950147,512.0,539.0,539
362,10950409,416.0,519.0,519
363,10950137,288.0,219.0,219
364,10950092,384.0,550.0,579
365,10950152,544.0,539.0,539
366,10950568,416.0,349.0,349
367,10948166,512.0,389.0,389
368,10947585,384.0,489.0,489
369,10950097,288.0,531.0,559
370,10947818,320.0,569.0,569
371,10949807,208.0,597.0,629
372,10949558,384.0,229.0,229
373,10949124,448.0,721.0,759
374,10921498,448.0,721.0,759
375,10949093,592.0,721.0,759
376,10949092,592.0,721.0,759
377,10949112,384.0,721.0,759
378,10938568,640.0,709.0,709
379,10949108,320.0,721.0,759
380,10949104,368.0,721.0,759
381,10949103,576.0,721.0,759
382,10949106,320.0,721.0,759
383,10949110,512.0,721.0,759
384,10949021,528.0,1025.0,1079
385,10948714,480.0,299.0,299
386,10949357,416.0,692.0,729
387,10949359,512.0,479.0,479
388,10949363,288.0,249.0,249
389,10947577,288.0,349.0,349
390,10949374,448.0,289.0,289
391,10947874,256.0,616.0,649
392,10949076,416.0,279.0,279
393,10946271,256.0,289.0,289
394,10947789,288.0,229.0,229
395,10948349,704.0,958.0,1009
396,10942398,480.0,459.0,459
397,10947241,640.0,659.0,659
398,10947533,464.0,721.0,759
399,10943422,800.0,639.0,639
400,10947532,480.0,901.0,949
401,10947781,448.0,479.0,479
402,10947816,480.0,1069.0,1069
403,10943215,128.0,806.0,849
404,10946751,320.0,589.0,589
405,10945876,288.0,229.0,229
406,10946080,352.0,229.0,229
407,10943815,384.0,309.0,309
408,10942368,320.0,229.0,229
409,10942360,416.0,550.0,579
410,10944142,512.0,502.0,529
411,10943920,512.0,359.0,359
412,10943831,416.0,645.0,679
413,10944143,88.0,825.0,869
414,10944118,416.0,289.0,289
415,10942652,416.0,329.0,329
416,10943639,352.0,389.0,389
417,10943214,480.0,289.0,289
418,10942727,544.0,721.0,759
419,10943194,320.0,479.0,479
420,10942726,544.0,721.0,759
421,10943167,288.0,249.0,249
422,10943160,382.0,968.0,1019
423,10943051,992.0,839.0,839
424,10942276,336.0,711.0,749
425,10942275,512.0,749.0,789
426,10942274,352.0,711.0,749
427,10942273,336.0,711.0,749
428,10941862,160.0,229.0,229
429,10941873,256.0,289.0,289
430,10941866,384.0,239.0,239
431,10941865,320.0,239.0,239
432,10939887,512.0,659.0,659
433,10939559,608.0,778.0,819
434,10939608,352.0,249.0,249
435,10939821,192.0,483.0,509
436,10938123,640.0,835.0,879
437,10939841,384.0,550.0,579
438,10939826,544.0,479.0,479
439,10938122,336.0,1358.0,1509
440,10938597,672.0,339.0,339
441,10939817,352.0,531.0,559
442,10938655,272.0,169.0,169
443,10938662,384.0,169.0,169
444,10938656,320.0,169.0,169
445,10938659,400.0,169.0,169
446,10938658,320.0,169.0,169
447,10938660,288.0,169.0,169
448,10938653,320.0,169.0,169
449,10936015,128.0,2179.0,2179
450,10937373,608.0,359.0,359
451,10936958,432.0,673.0,709
452,10936835,448.0,409.0,409
453,10936834,256.0,259.0,259
454,10936018,928.0,1539.0,1539
455,10918536,480.0,299.0,299
456,10936091,320.0,489.0,489
457,10936625,608.0,939.0,989
458,10936069,640.0,639.0,639
459,10935926,192.0,569.0,599
460,10935927,320.0,673.0,709
461,10935929,256.0,559.0,589
462,10933430,384.0,692.0,729
463,10936808,224.0,229.0,229
464,10936562,422.0,949.0,999
465,10936569,444.0,949.0,999
466,10936567,744.0,1072.0,1129
467,10936568,184.0,825.0,869
468,10936686,688.0,958.0,1009
469,10936337,384.0,159.0,159
470,10936322,480.0,730.0,769
471,10936427,672.0,259.0,259
472,10936397,640.0,339.0,339
473,10936596,512.0,1394.0,1549
474,10936434,288.0,519.0,519
475,10934622,478.0,730.0,769
476,10935040,384.0,489.0,489
477,10934573,576.0,768.0,809
478,10934351,608.0,609.0,609
479,10934646,576.0,645.0,679
480,10934634,1440.0,1655.0,1839
481,10934273,32.0,99.0,99
482,10934381,672.0,939.0,989
483,10934077,544.0,479.0,479
484,10932940,560.0,949.0,999
485,10932943,560.0,949.0,999
486,10933342,288.0,339.0,339
487,10933341,288.0,269.0,269
488,10933815,576.0,1649.0,1649
489,10933293,288.0,379.0,379
490,10932921,432.0,779.0,779
491,10929522,640.0,589.0,589
492,10932089,640.0,429.0,429
493,10932088,640.0,329.0,329
494,10932129,320.0,299.0,299
495,10932150,832.0,369.0,369
496,10928445,520.0,2302.0,2709
497,10930462,144.0,449.0,449
498,10930738,224.0,429.0,429
499,10931586,1184.0,429.0,429
500,10928938,320.0,459.0,459
501,10929007,544.0,409.0,409
502,10930567,288.0,249.0,249
503,10930502,576.0,479.0,479
504,10930492,352.0,329.0,329
505,10930483,352.0,339.0,339
506,10930598,480.0,279.0,279
507,10929483,288.0,299.0,299
508,10928935,240.0,1338.0,1409
509,10928919,480.0,299.0,299
510,10928975,448.0,550.0,579
511,10929510,480.0,709.0,709
512,10929497,288.0,299.0,299
513,10929046,640.0,329.0,329
514,10928504,640.0,709.0,709
515,10927181,384.0,519.0,519
516,10922666,320.0,249.0,249
517,10928415,880.0,1101.0,1159
518,10928416,640.0,863.0,909
519,10928418,416.0,229.0,229
520,10928095,288.0,299.0,299
521,10928090,288.0,339.0,339
522,10925762,704.0,359.0,359
523,10928089,288.0,259.0,259
524,10928318,288.0,589.0,589
525,10928120,448.0,654.0,689
526,10922675,192.0,219.0,219
527,10927438,672.0,319.0,319
528,10927165,1168.0,1583.0,1759
529,10927136,320.0,329.0,329
530,10925763,288.0,589.0,589
531,10922925,448.0,229.0,229
532,10922982,544.0,502.0,529
533,10917181,96.0,588.0,619
534,10921349,352.0,289.0,289
535,10921453,320.0,469.0,469
536,10921329,576.0,429.0,429
537,10920690,992.0,319.0,319
538,10920948,384.0,239.0,239
539,10920152,640.0,882.0,929
540,10918811,416.0,489.0,489
541,10920064,576.0,559.0,559
542,10919148,704.0,339.0,339
543,10920107,288.0,299.0,299
544,10919702,832.0,1053.0,1109
545,10919396,352.0,249.0,249
546,10918466,544.0,597.0,629
547,10917804,1162.0,2114.0,2349
548,10915830,960.0,349.0,349
549,10917084,672.0,1148.0,1209
550,10911142,384.0,739.0,739
551,10915839,288.0,559.0,559
552,10866674,704.0,349.0,349
553,10914932,480.0,1529.0,1699
554,10914269,688.0,721.0,759
555,10914273,416.0,439.0,439
556,10914204,512.0,329.0,329
557,10912833,512.0,759.0,829
558,10914118,224.0,199.0,179
559,10828630,448.0,1167.0,1229
560,10912955,928.0,873.0,919
561,10912133,544.0,721.0,759
562,10903425,592.0,721.0,759
563,10911303,224.0,319.0,319
564,10911073,224.0,702.0,739
565,10911399,640.0,409.0,409
566,10910873,384.0,319.0,319
567,10910999,222.0,616.0,649
568,10874616,448.0,1405.0,1479
569,10909777,768.0,739.0,739
570,10909080,320.0,329.0,329
571,10909079,288.0,289.0,289
572,10909069,704.0,339.0,339
573,10908648,448.0,269.0,269
574,10908620,384.0,389.0,389
575,10908610,512.0,359.0,359
576,10908140,288.0,389.0,389
577,10908146,544.0,319.0,319
578,10908022,448.0,289.0,289
579,10907052,268.0,759.0,799
580,10907444,352.0,349.0,349
581,10906761,608.0,597.0,629
582,10906627,480.0,249.0,249
583,10905888,1248.0,1549.0,1549
584,10905946,288.0,219.0,219
585,10905908,704.0,199.0,199
586,10905572,624.0,319.0,319
587,10905337,416.0,289.0,289
588,10905313,896.0,550.0,579
589,10904377,544.0,429.0,429
590,10904306,448.0,249.0,249
591,10904051,224.0,319.0,319
592,10902951,320.0,711.0,749
593,10902950,544.0,249.0,249
594,10902092,704.0,959.0,959
595,10902721,560.0,1249.0,1349
596,10902347,384.0,229.0,229
597,10901664,24.0,99.0,99
598,10901925,608.0,730.0,769
599,10900382,560.0,569.0,599
600,10897582,416.0,239.0,239
601,10897976,384.0,1592.0,1769
602,10897977,352.0,359.0,359
603,10897947,32.0,99.0,99
604,10897138,480.0,269.0,269
605,10897140,704.0,349.0,349
606,10896227,384.0,439.0,439
607,10893452,224.0,529.0,529
608,10895495,448.0,489.0,489
609,10894757,224.0,319.0,319
610,10894679,320.0,550.0,579
611,10894153,256.0,319.0,319
612,10893627,352.0,339.0,339
613,10893449,288.0,389.0,389
614,10893445,704.0,659.0,659
615,10893150,416.0,289.0,289
616,10892514,352.0,389.0,389
617,10889045,480.0,539.0,539
618,10891958,448.0,489.0,489
619,10891632,768.0,369.0,369
620,10892032,416.0,299.0,299
621,10891646,256.0,299.0,299
622,10891633,896.0,429.0,429
623,10891532,704.0,409.0,409
624,10892019,352.0,349.0,349
625,10886644,288.0,1196.0,1259
626,10888465,320.0,319.0,319
627,10888543,669.0,1253.0,1319
628,10888429,480.0,219.0,219
629,10888019,352.0,349.0,349
630,10887179,560.0,1367.0,1439
631,10887464,208.0,229.0,229
632,10887006,448.0,529.0,529
633,10886311,192.0,239.0,239
634,10886312,256.0,483.0,509
635,10886135,424.0,1489.0,1489
636,10881801,254.0,664.0,699
637,10886334,1051.0,2319.0,2729
638,10885475,320.0,309.0,309
639,10885462,352.0,319.0,319
640,10885494,416.0,319.0,319
641,10882254,544.0,299.0,299
642,10882767,416.0,229.0,229
643,10882766,448.0,239.0,239
644,10880682,352.0,299.0,299
645,10879325,672.0,2158.0,2539
646,10880686,448.0,389.0,389
647,10879336,576.0,1319.0,1389
648,10879835,832.0,1079.0,1079
649,10879285,544.0,349.0,349
650,10861193,384.0,664.0,699
651,10878287,352.0,269.0,269
652,10878769,544.0,379.0,379
653,10877052,896.0,1349.0,1349
654,10876710,992.0,1479.0,1479
655,10874062,512.0,616.0,649
656,10874472,672.0,809.0,809
657,10873137,320.0,319.0,319
658,10872988,480.0,778.0,819
659,10872175,736.0,1439.0,1599
660,10873088,320.0,459.0,459
661,10873040,288.0,329.0,329
662,10872505,576.0,309.0,309
663,10872209,320.0,289.0,289
664,10872032,320.0,239.0,239
665,10870997,320.0,289.0,289
666,10872020,544.0,419.0,419
667,10872177,368.0,1101.0,1159
668,10871097,320.0,319.0,319
669,10870480,320.0,329.0,329
670,10870785,544.0,778.0,819
671,10870323,416.0,892.0,939
672,10866144,80.0,1120.0,1179
673,10864064,380.0,1421.0,1579
674,10866185,464.0,1015.0,1069
675,10869026,416.0,229.0,229
676,10868279,616.0,1539.0,1539
677,10868317,224.0,289.0,289
678,10868314,384.0,379.0,379
679,10868330,528.0,930.0,979
680,10866964,352.0,219.0,219
681,10866798,576.0,409.0,409
682,10865828,384.0,259.0,259
683,10865829,448.0,319.0,319
684,10865875,384.0,279.0,279
685,10864071,973.0,1907.0,2119
686,10864066,279.0,1529.0,1699
687,10864072,1229.0,2294.0,2699
688,10864063,459.0,1395.0,1469
689,10865595,446.0,797.0,839
690,10865270,992.0,1006.0,1059
691,10863821,832.0,359.0,359
692,10863672,384.0,519.0,519
693,10863366,576.0,329.0,329
694,10862541,256.0,209.0,209
695,10862033,448.0,409.0,409
696,10862036,480.0,299.0,299
697,10861837,1088.0,1234.0,1299
698,10860986,350.0,692.0,729
699,10861995,352.0,319.0,319
700,10858713,312.0,1319.0,1389
701,10860811,736.0,299.0,299
702,10859972,224.0,249.0,249
703,10859546,368.0,429.0,429
704,10859550,272.0,429.0,429
705,10859759,384.0,269.0,269
706,10859519,448.0,529.0,529
707,10858418,544.0,719.0,719
708,10813535,208.0,2042.0,2269
709,10858636,384.0,429.0,429
710,10857048,318.0,578.0,609
711,10858342,608.0,711.0,749
712,10857056,416.0,229.0,229
713,10856980,320.0,439.0,439
714,10855007,320.0,502.0,529
715,10851200,272.0,389.0,389
716,10851576,448.0,1329.0,1399
717,10851606,448.0,249.0,249
718,10851616,512.0,249.0,249
719,10846464,512.0,579.0,579
720,10850121,832.0,429.0,429
721,10849821,352.0,459.0,459
722,10849289,1152.0,1063.0,1119
723,10847511,864.0,920.0,969
724,10846237,382.0,1034.0,1089
725,10846238,2176.0,4207.0,5259
726,10845114,352.0,229.0,229
727,10844978,432.0,930.0,979
728,10844977,416.0,1015.0,1069
729,10631746,,199.0,199
730,10844248,160.0,209.0,209
731,10842092,640.0,502.0,529
732,10843144,320.0,459.0,459
733,10836607,224.0,339.0,339
734,10842792,384.0,578.0,609
735,10842786,416.0,483.0,509
736,10842776,288.0,249.0,249
737,10837677,288.0,219.0,219
738,10840554,320.0,249.0,249
739,10839419,602.0,1601.0,1779
740,10838825,544.0,289.0,289
741,10838991,448.0,269.0,269
742,10838134,320.0,239.0,239
743,10837712,736.0,939.0,989
744,10837034,288.0,239.0,239
745,10837101,48.0,149.0,149
746,10836196,480.0,259.0,259
747,10836268,672.0,609.0,609
748,10836253,352.0,459.0,459
749,10836293,512.0,259.0,259
750,10834938,352.0,519.0,519
751,10834448,608.0,359.0,359
752,10834030,220.0,854.0,899
753,10833285,480.0,409.0,409
754,10833356,256.0,489.0,489
755,10830103,792.0,1385.0,1539
756,10832200,640.0,882.0,929
757,10832332,216.0,569.0,599
758,10832371,384.0,499.0,499
759,10831468,416.0,259.0,259
760,10830833,496.0,1072.0,1129
761,10831143,384.0,968.0,1019
762,10828307,224.0,702.0,739
763,10828305,368.0,787.0,829
764,10829367,160.0,219.0,219
765,10828406,544.0,711.0,749
766,10828396,352.0,550.0,579
767,10827405,352.0,469.0,469
768,10827413,576.0,339.0,339
769,10815526,256.0,219.0,219
770,10827053,448.0,740.0,779
771,10827054,576.0,740.0,779
772,10826797,544.0,389.0,389
773,10827340,222.0,673.0,709
774,10827339,301.0,673.0,709
775,10823611,160.0,289.0,289
776,10823594,640.0,269.0,269
777,10822472,288.0,499.0,499
778,10822069,576.0,409.0,409
779,10822454,416.0,711.0,749
780,10821115,288.0,219.0,219
781,10822420,254.0,673.0,709
782,10820997,320.0,439.0,439
783,10814569,320.0,550.0,579
784,10812233,320.0,759.0,799
785,10809503,905.0,1799.0,1999
786,10809077,448.0,289.0,289
787,10801100,768.0,797.0,839
788,10798307,448.0,289.0,289
789,10796726,640.0,719.0,719
790,10795081,464.0,1139.0,1199
791,10795053,400.0,1637.0,1819
792,10795054,384.0,1637.0,1819
793,10795097,448.0,269.0,269
794,10794851,544.0,339.0,339
795,10794554,416.0,359.0,359
796,10793465,352.0,259.0,259
797,10792687,160.0,289.0,289
798,10788725,512.0,289.0,289
799,10790552,544.0,719.0,719
800,10788749,480.0,329.0,329
801,10790024,512.0,459.0,459
802,10790089,160.0,219.0,219
803,10789818,448.0,229.0,229
804,10790084,96.0,189.0,189
805,10790086,118.0,209.0,209
806,10788680,1056.0,1082.0,1139
807,10784004,352.0,219.0,219
808,10783548,432.0,787.0,829
809,10786633,288.0,269.0,269
810,10786373,992.0,339.0,339
811,10785102,512.0,683.0,719
812,10783642,128.0,259.0,259
813,10783608,704.0,778.0,819
814,10783579,288.0,229.0,229
815,10783120,448.0,319.0,319
816,10778781,768.0,349.0,349
817,10778540,224.0,483.0,509
818,10774984,864.0,1101.0,1159
819,10774231,544.0,977.0,1029
820,10774217,268.0,635.0,669
821,10774014,448.0,329.0,329
822,10773219,320.0,469.0,469
823,10773106,448.0,259.0,259
824,10771374,1248.0,2566.0,3019
825,10766158,1275.0,1547.0,1719
826,10769929,416.0,269.0,269
827,10768899,448.0,249.0,249
828,10767670,624.0,419.0,419
829,10767169,528.0,806.0,849
830,10767752,224.0,189.0,189
831,10760676,640.0,730.0,769
832,10756164,432.0,259.0,259
833,10756499,640.0,329.0,329
834,10755880,384.0,1034.0,1089
835,10754529,320.0,339.0,339
836,10754838,320.0,219.0,219
837,10754518,448.0,299.0,299
838,10753786,928.0,319.0,319
839,10753690,384.0,359.0,359
840,10753689,384.0,379.0,379
841,10753761,832.0,939.0,989
842,10752586,448.0,597.0,629
843,10752064,352.0,429.0,429
844,10749018,480.0,409.0,409
845,10749164,320.0,249.0,249
846,10747653,1072.0,359.0,359
847,10743935,160.0,1262.0,1329
848,10745022,576.0,269.0,269
849,10742160,416.0,499.0,499
850,10740662,1024.0,459.0,459
851,10740292,224.0,626.0,659
852,10739420,384.0,229.0,229
853,10738679,320.0,239.0,239
854,10737638,480.0,239.0,239
855,10737626,320.0,239.0,239
856,10734743,416.0,249.0,249
857,10733551,416.0,239.0,239
858,10731116,704.0,849.0,849
859,10729882,640.0,689.0,689
860,10729015,384.0,289.0,289
861,10727670,576.0,409.0,409
862,10728071,896.0,2213.0,2459
863,10728073,1120.0,2404.0,2829
864,10726473,384.0,229.0,229
865,10726163,592.0,299.0,299
866,10725691,416.0,578.0,609
867,10722973,288.0,249.0,249
868,10724196,288.0,539.0,539
869,10719407,384.0,279.0,279
870,10719408,320.0,249.0,249
871,10718141,352.0,269.0,269
872,10713681,224.0,419.0,419
873,10713672,224.0,409.0,409
874,10713677,480.0,389.0,389
875,10705419,480.0,854.0,899
876,10704299,416.0,2702.0,3179
877,10708046,416.0,239.0,239
878,10708128,448.0,597.0,629
879,10707722,640.0,299.0,299
880,10704187,384.0,229.0,229
881,10703117,320.0,329.0,329
882,10661461,352.0,319.0,319
883,10661520,400.0,259.0,259
884,10660919,320.0,249.0,249
885,10656721,112.0,1253.0,1319
886,10656790,128.0,721.0,759
887,10654763,416.0,299.0,299
888,10654776,640.0,279.0,279
889,10652734,1088.0,1158.0,1219
890,10652350,480.0,469.0,469
891,10650484,800.0,578.0,609
892,10650293,544.0,759.0,759
893,10649802,448.0,379.0,379
894,10646928,384.0,319.0,319
895,10647830,288.0,459.0,459
896,10646589,320.0,469.0,469
897,10646515,736.0,958.0,1009
898,10644323,480.0,509.0,519
899,10640772,288.0,199.0,199
900,10638699,640.0,559.0,559
901,10640492,287.0,531.0,559
902,10638837,544.0,289.0,289
903,10637032,640.0,609.0,609
904,10635679,384.0,309.0,309
905,10636308,272.0,339.0,339
906,10634086,416.0,499.0,499
907,10634084,448.0,489.0,489
908,10634085,448.0,499.0,499
909,10633920,448.0,499.0,499
910,10633839,471.0,479.0,479
911,10631586,448.0,1281.0,1349
912,10631367,384.0,319.0,319
913,10630858,352.0,169.0,169
914,10630444,120.0,489.0,489
915,10628658,512.0,289.0,289
916,10628654,672.0,597.0,629
917,10627483,352.0,259.0,259
918,10623327,544.0,539.0,539
919,10623565,448.0,659.0,659
920,10623332,768.0,329.0,329
921,10622366,320.0,339.0,339
922,10620965,800.0,709.0,709
923,10621443,768.0,329.0,329
924,10619234,448.0,459.0,459
925,10618469,576.0,509.0,509
926,10617236,480.0,539.0,539
927,10616241,192.0,369.0,369
928,10610895,688.0,2249.0,2499
929,10614721,320.0,689.0,689
930,10614708,416.0,499.0,499
931,10613603,512.0,339.0,339
932,10613080,400.0,239.0,239
933,10612722,592.0,609.0,609
934,10611833,848.0,809.0,809
935,10611844,400.0,309.0,309
936,10611196,448.0,1925.0,2139
937,10607742,480.0,692.0,729
938,10607525,400.0,239.0,239
939,10605691,254.0,289.0,289
940,10605049,448.0,409.0,409
941,10605052,256.0,229.0,229
942,10604961,543.0,531.0,559
943,10603001,414.0,249.0,249
944,10598326,992.0,1291.0,1359
945,10598648,352.0,239.0,239
946,10596632,704.0,597.0,629
947,10591171,256.0,299.0,299
948,10589480,320.0,219.0,219
949,10585023,608.0,289.0,289
950,10579730,128.0,1120.0,1179
951,10582230,880.0,2302.0,2709
952,10580763,736.0,279.0,279
953,10579419,320.0,219.0,219
954,10578338,320.0,339.0,339
955,10578340,320.0,329.0,329
956,10577920,320.0,239.0,239
957,10576602,224.0,319.0,319
958,10577369,415.0,249.0,249
959,10574099,480.0,389.0,389
960,10573922,287.0,339.0,339
961,10572635,320.0,531.0,559
962,10571781,576.0,339.0,339
963,10570943,1024.0,379.0,379
964,10570233,1504.0,1619.0,1799
965,10568742,784.0,920.0,969
966,10568253,576.0,299.0,299
967,10565041,416.0,1871.0,2079
968,10562086,448.0,1880.0,2089
969,10563101,957.0,1006.0,1059
970,10560078,416.0,892.0,939
971,10558061,960.0,379.0,379
972,10558036,896.0,1009.0,1009
973,10557282,832.0,939.0,989
974,10553749,288.0,299.0,299
975,10554257,640.0,299.0,299
976,10553740,192.0,229.0,229
977,10554526,351.0,219.0,219
978,10554323,480.0,229.0,229
979,10553089,384.0,229.0,229
980,10552781,544.0,289.0,289
981,10552778,384.0,269.0,269
982,10551649,352.0,239.0,239
983,10550819,480.0,279.0,279
984,10550834,448.0,239.0,239
985,10548838,768.0,968.0,1019
986,10547413,541.0,299.0,299
987,10540970,320.0,309.0,309
988,10540972,288.0,299.0,299
989,10532040,368.0,1167.0,1229
990,10539820,445.0,259.0,259
991,10540354,416.0,289.0,289
992,10536344,512.0,626.0,659
993,10535942,703.0,1063.0,1119
994,10533099,734.0,299.0,299
995,10532314,510.0,289.0,289
996,10530291,448.0,249.0,249
997,10521801,384.0,1511.0,1679
998,10528856,320.0,289.0,289
999,10528851,320.0,259.0,259
1000,10528846,256.0,289.0,289
1001,10528843,447.0,299.0,299
1002,10528307,512.0,259.0,259
1003,10525967,416.0,259.0,259
1004,10522376,352.0,229.0,229
1005,10522402,576.0,269.0,269
1006,10511479,608.0,659.0,659
1007,10512212,416.0,229.0,229
1008,10510118,352.0,209.0,209
1009,10508337,288.0,249.0,249
1010,10504277,448.0,1988.0,2209
1011,10504350,544.0,289.0,289
1012,10503234,448.0,239.0,239
1013,10503242,416.0,259.0,259
1014,10498129,848.0,1053.0,1109
1015,10497968,351.0,289.0,289
1016,10494052,784.0,778.0,819
1017,10486262,1276.0,1934.0,2149
1018,10482559,384.0,199.0,199
1019,10481569,576.0,469.0,469
1020,10480342,416.0,1898.0,2109
1021,10475830,381.0,269.0,269
1022,10475671,352.0,229.0,229
1023,10470434,384.0,531.0,559
1024,10471034,1152.0,1424.0,1499
1025,10470513,1150.0,1907.0,2119
1026,10466554,445.0,229.0,229
1027,10465300,640.0,959.0,959
1028,10464204,224.0,199.0,199
1029,10463988,1216.0,1158.0,1219
1030,10461418,416.0,339.0,339
1031,10461131,352.0,349.0,349
1032,10461140,352.0,339.0,339
1033,10428906,287.0,499.0,499
1034,10457921,320.0,1358.0,1509
1035,10457922,320.0,1592.0,1769
1036,10455895,384.0,319.0,319
1037,10455605,987.0,1403.0,1559
1038,10450984,640.0,1484.0,1649
1039,10447076,349.0,209.0,209
1040,10447077,511.0,309.0,309
1041,10440187,1568.0,2186.0,2429
1042,10437102,1422.0,1520.0,1689
1043,10433945,352.0,229.0,229
1044,10432452,288.0,531.0,559
1045,10432330,412.0,229.0,229
1046,10428200,319.0,531.0,559
1047,10428201,288.0,502.0,529
1048,10422183,512.0,939.0,989
1049,10418866,575.0,259.0,259
1050,10417688,416.0,229.0,229
1051,10410113,224.0,219.0,219
1052,10408179,284.0,259.0,259
1053,10401361,384.0,249.0,249
1054,10405217,349.0,219.0,219
1055,10402873,159.0,299.0,299
1056,10398331,574.0,299.0,299
1057,10398347,639.0,673.0,709
1058,10395831,574.0,319.0,319
1059,10389580,223.0,289.0,289
1060,10385110,1183.0,1745.0,1939
1061,10382775,960.0,429.0,429
1062,10381400,255.0,219.0,219
1063,10380003,222.0,249.0,249
1064,10374112,383.0,239.0,239
1065,10371222,509.0,550.0,579
1066,10369914,672.0,779.0,779
1067,10358179,287.0,239.0,239
1068,10354889,352.0,279.0,279
1069,10345243,479.0,550.0,579
1070,10347102,383.0,259.0,259
1071,10331766,223.0,289.0,289
1072,10323810,416.0,269.0,269
1073,10317453,350.0,502.0,529
1074,10314238,414.0,369.0,369
1075,10313498,352.0,239.0,259
1076,10312079,192.0,502.0,529
1077,10312080,192.0,429.0,429
1078,10311366,510.0,279.0,279
1079,10305086,960.0,399.0,399
1080,10300622,1376.0,1424.0,1499
1081,10300621,672.0,369.0,369
1082,10300020,480.0,483.0,509
1083,10297585,382.0,239.0,239
1084,10296071,653.0,289.0,289
1085,10293187,864.0,1053.0,1109
1086,10292262,544.0,597.0,629
1087,10285216,416.0,229.0,229
1088,10282613,384.0,209.0,209
1089,10275457,223.0,269.0,269
1090,10275458,605.0,289.0,289
1091,10270315,382.0,239.0,239
1092,10267552,222.0,502.0,529
1093,10265426,349.0,239.0,239
1094,10262137,478.0,239.0,239
1095,10256792,156.0,502.0,529
1096,10256791,223.0,483.0,509
1097,10027233,383.0,209.0,209
1098,10250637,288.0,209.0,209
1099,10250294,589.0,239.0,239
1100,10250292,159.0,502.0,529
1101,10044796,640.0,521.0,549
1102,10237975,510.0,279.0,279
1103,10237827,320.0,409.0,409
1104,10237829,864.0,359.0,359
1105,10234593,480.0,289.0,289
1106,10229118,286.0,219.0,219
1107,10229124,368.0,209.0,209
1108,10223242,640.0,550.0,579
1109,10215232,478.0,269.0,269
1110,10214499,480.0,239.0,239
1111,10210762,700.0,329.0,329
1112,10205433,224.0,199.0,199
1113,10197332,928.0,459.0,459
1114,10186017,544.0,550.0,579
1115,10186923,960.0,319.0,319
1116,10181533,415.0,239.0,239
1117,10176089,303.0,1502.0,1669
1118,10957165,672.0,659.0,659
1119,10956405,608.0,,529
1120,10955222,416.0,,729
1121,10954981,384.0,,309
1122,10949069,416.0,,489
1123,10949561,896.0,,459
1124,10949100,608.0,,649
1125,10949024,304.0,,489
1126,10949111,448.0,,759
1127,10925685,528.0,,869
1128,10949102,576.0,,759
1129,10948348,864.0,,1219
1130,10943934,320.0,,249
1131,10942623,384.0,,199
1132,10936779,256.0,,1019
1133,10942281,1184.0,2189.0,2189
1134,10941859,544.0,,319
1135,10939603,384.0,,269
1136,10938124,384.0,,629
1137,10938121,560.0,,789
1138,10938657,384.0,,169
1139,10938303,480.0,,229
1140,10938304,224.0,,169
1141,10937579,352.0,,189
1142,10937392,384.0,,489
1143,10928042,384.0,,159
1144,10936372,144.0,,489
1145,10934272,112.0,,149
1146,10934080,576.0,,749
1147,10933452,320.0,,209
1148,10932878,384.0,,979
1149,10932883,352.0,,979
1150,10768509,429.0,,1849
1151,10932273,608.0,,509
1152,10928977,384.0,,329
1153,10929100,1216.0,,1379
1154,10928014,800.0,,989
1155,10925617,352.0,,559
1156,10925333,480.0,,289
1157,10922999,512.0,,409
1158,10922998,512.0,,339
1159,10922025,448.0,,409
1160,10919561,80.0,,1469
1161,10921071,512.0,,279
1162,10921574,512.0,,259
1163,10920859,416.0,,1789
1164,10920773,736.0,,1109
1165,10917775,352.0,,399
1166,10919754,320.0,,489
1167,10920073,608.0,,1649
1168,10915167,416.0,,239
1169,10918807,352.0,,319
1170,10920165,384.0,,229
1171,10919733,416.0,,229
1172,10918975,512.0,,209
1173,10918974,400.0,,199
1174,10918881,416.0,,489
1175,10918203,640.0,,1049
1176,10918491,608.0,,369
1177,10878259,160.0,,1729
1178,10916220,928.0,,769
1179,10916223,432.0,,509
1180,10916080,480.0,,379
1181,10915985,368.0,,239
1182,10915076,480.0,,609
1183,10915083,480.0,,799
1184,10915075,768.0,,559
1185,10914176,416.0,,329
1186,10912985,384.0,,459
1187,10912951,352.0,,559
1188,10910675,224.0,,259
1189,10910078,640.0,,489
1190,10909573,512.0,,579
1191,10908601,224.0,,549
1192,10908602,272.0,,959
1193,10907344,390.0,,1159
1194,10813534,208.0,2989.0,2989
1195,10909078,288.0,,379
1196,10909060,608.0,,749
1197,10909048,256.0,,239
1198,10909070,704.0,,379
1199,10894138,416.0,,319
1200,10908609,928.0,,1029
1201,10907934,800.0,,369
1202,10906760,320.0,,339
1203,10905944,352.0,,199
1204,10905473,416.0,,409
1205,10904311,320.0,,559
1206,10902952,320.0,,749
1207,10903198,192.0,,269
1208,10901968,352.0,,629
1209,10901922,416.0,,269
1210,10901883,224.0,,549
1211,10900464,704.0,,409
1212,10897758,80.0,,1309
1213,10897608,288.0,,339
1214,10897622,640.0,,659
1215,10897580,416.0,,389
1216,10897456,432.0,,819
1217,10897850,480.0,,439
1218,10892718,384.0,,1209
1219,10896194,640.0,,679
1220,10892721,816.0,,1909
1221,10894674,480.0,,289
1222,10894160,608.0,,609
1223,10892506,288.0,,739
1224,10893790,416.0,,419
1225,10893603,256.0,,339
1226,10893604,736.0,,369
1227,10891802,414.0,,1229
1228,10893461,640.0,,529
1229,10892951,320.0,,409
1230,10891952,560.0,,979
1231,10892031,416.0,,389
1232,10889611,544.0,,759
1233,10871838,576.0,,539
1234,10753247,800.0,,369
1235,10888450,640.0,,879
1236,10888061,640.0,,609
1237,10888466,672.0,,409
1238,10887469,416.0,,249
1239,10885529,384.0,,459
1240,10886371,400.0,,369
1241,10886917,640.0,,819
1242,10887085,416.0,,819
1243,10886448,304.0,,359
1244,10881843,704.0,,1009
1245,10881680,768.0,,2019
1246,10880998,608.0,,1499
1247,10880550,672.0,,819
1248,10879350,144.0,,739
1249,10879843,256.0,,229
1250,10874615,288.0,,1239
1251,10878278,320.0,,279
1252,10878784,608.0,,749
1253,10878007,192.0,,229
1254,10876689,288.0,,249
1255,10876637,416.0,,239
1256,10821622,128.0,,299
1257,10874554,988.0,2289.0,2289
1258,10874188,384.0,,459
1259,10860774,768.0,,949
1260,10864317,200.0,,489
1261,10864000,416.0,,819
1262,10864276,1312.0,,1169
1263,10863651,384.0,,719
1264,10862412,528.0,,579
1265,10862034,288.0,,339
1266,10862559,416.0,,379
1267,10863371,416.0,,329
1268,10861717,480.0,,279
1269,10860403,160.0,,349
1270,10860059,128.0,,1319
1271,10859551,272.0,,359
1272,10859799,224.0,,209
1273,10856430,800.0,,679
1274,10859214,32.0,,79
1275,10858659,256.0,,369
1276,10858639,288.0,,319
1277,10857217,448.0,,279
1278,10858309,416.0,,579
1279,10857222,256.0,,219
1280,10857013,672.0,2939.0,2939
1281,10852260,320.0,,249
1282,10852239,224.0,,199
1283,10852227,432.0,,259
1284,10850989,384.0,,329
1285,10851558,176.0,,1319
1286,10851553,1161.0,2069.0,2069
1287,10851557,112.0,,1319
1288,10849312,352.0,,249
1289,10849311,576.0,,389
1290,10849293,416.0,,249
1291,10849038,640.0,,919
1292,10847336,320.0,,299
1293,10847883,448.0,,649
1294,10846239,608.0,,1209
1295,10846233,1152.0,3159.0,3159
1296,10845639,352.0,,249
1297,10845251,480.0,,309
1298,10845276,384.0,,239
1299,10844932,320.0,,1799
1300,10844251,448.0,,369
1301,10844209,320.0,,259
1302,10844279,544.0,,259
1303,10844671,928.0,,1169
1304,10842091,224.0,,219
1305,10836987,544.0,,459
1306,10842093,144.0,,389
1307,10843358,704.0,,1289
1308,10843091,448.0,,249
1309,10842288,480.0,,269
1310,10841055,352.0,,349
1311,10841494,608.0,,929
1312,10840229,288.0,,799
1313,10840555,320.0,,239
1314,10840166,352.0,,1279
1315,10840186,400.0,,909
1316,10839363,1225.0,2019.0,2019
1317,10839371,128.0,,1069
1318,10838941,480.0,,709
1319,10837632,384.0,,659
1320,10836223,224.0,,289
1321,10836429,544.0,,409
1322,10836201,624.0,,439
1323,10835758,480.0,,839
1324,10834272,976.0,,1649
1325,10832374,224.0,,239
1326,10831845,512.0,,309
1327,10832035,896.0,,1109
1328,10822304,320.0,,259
1329,10831052,672.0,,629
1330,10830834,536.0,,929
1331,10829369,224.0,,219
1332,10828285,736.0,,1869
1333,10827245,336.0,,349
1334,10827397,480.0,,349
1335,10827058,384.0,,579
1336,10827421,384.0,,399
1337,10827455,224.0,,269
1338,10826038,320.0,,469
1339,10823581,512.0,,319
1340,10823593,544.0,,289
1341,10822306,224.0,,249
1342,10822445,112.0,,799
1343,10813557,208.0,2269.0,2269
1344,10820706,304.0,,1069
1345,10820784,320.0,,249
1346,10820832,512.0,,779
1347,10631359,752.0,,1829
1348,10818582,320.0,,189
1349,10817585,320.0,,429
1350,10813553,208.0,2769.0,2769
1351,10817837,416.0,,429
1352,10817249,512.0,,529
1353,10814528,320.0,,249
1354,10814540,352.0,,1099
1355,10812022,416.0,,409
1356,10809936,152.0,,289
1357,10777204,16.0,,99
1358,10810557,448.0,,299
1359,10808859,192.0,,229
1360,10799578,232.0,,569
1361,10799767,448.0,,779
1362,10798244,224.0,,869
1363,10798033,152.0,,749
1364,10798542,800.0,,809
1365,10797039,144.0,,189
1366,10796485,512.0,,609
1367,10796416,320.0,,409
1368,10796415,416.0,,579
1369,10792686,448.0,,379
1370,10792951,544.0,,579
1371,10793846,478.0,,609
1372,10784044,320.0,,189
1373,10790984,544.0,,579
1374,10791060,480.0,,289
1375,10786171,336.0,,919
1376,10788189,576.0,,319
1377,10787403,352.0,,489
1378,10783278,544.0,,709
1379,10741155,240.0,,1219
1380,10778220,96.0,,1139
1381,10780089,448.0,,219
1382,10778789,224.0,,289
1383,10777480,896.0,,629
1384,10771899,544.0,,469
1385,10771369,416.0,,729
1386,10769363,416.0,,269
1387,10767174,278.0,,909
1388,10767173,336.0,,1219
1389,10767751,640.0,,989
1390,10650763,384.0,,519
1391,10764066,384.0,,259
1392,10761698,320.0,,559
1393,10761737,480.0,,269
1394,10761100,480.0,,269
1395,10745510,384.0,,779
1396,10758812,352.0,,259
1397,10758540,416.0,,409
1398,10755878,272.0,,1019
1399,10755877,608.0,,1599
1400,10755882,240.0,,979
1401,10753373,216.0,,789
1402,10751043,416.0,,369
1403,10747761,334.0,3159.0,3159
1404,10749019,256.0,,409
1405,10749264,320.0,,459
1406,10749175,448.0,,249
1407,10747806,144.0,,1179
1408,10746222,320.0,,1469
1409,10746147,640.0,,709
1410,10746122,640.0,,209
1411,10745780,352.0,,239
1412,10744498,352.0,,279
1413,10743450,416.0,,379
1414,10743666,320.0,,259
1415,10740727,464.0,,1129
1416,10740293,1128.0,,1669
1417,10734700,416.0,,199
1418,10738642,608.0,,319
1419,10733887,416.0,,279
1420,10732373,800.0,,939
1421,10731118,288.0,,419
1422,10729410,544.0,,789
1423,10729581,352.0,,249
1424,10729698,544.0,,489
1425,10724840,448.0,,319
1426,10727057,640.0,,909
1427,10726472,256.0,,299
1428,10725573,352.0,,459
1429,10721273,640.0,,739
1430,10714839,256.0,,289
1431,10715382,288.0,,269
1432,10712027,960.0,,419
1433,10704277,416.0,3699.0,3699
1434,10704297,352.0,3559.0,3559
1435,10708044,480.0,,369
1436,10707703,320.0,,239
1437,10706443,384.0,,229
1438,10649748,320.0,,469
1439,10703166,224.0,,289
1440,10703564,416.0,,229
1441,10701014,320.0,,249
1442,10701015,320.0,,239
1443,10701075,416.0,,289
1444,10656720,112.0,,1179
1445,10538127,464.0,3239.0,3239
1446,10656709,1230.0,,1649
1447,10656706,984.0,,1559
1448,10653308,576.0,,309
1449,10653633,640.0,,579
1450,10650994,864.0,,1139
1451,10651152,320.0,,769
1452,10650501,736.0,,629
1453,10646933,384.0,,189
1454,10645460,320.0,,539
1455,10610252,416.0,,609
1456,10642673,416.0,,399
1457,10642688,256.0,,299
1458,10641400,448.0,,579
1459,10638249,640.0,,769
1460,10638839,1472.0,,579
1461,10637027,416.0,,549
1462,10636299,608.0,,549
1463,10634501,416.0,,329
1464,10635105,864.0,,829
1465,10634507,640.0,,299
1466,10631613,1168.0,,1759
1467,10633919,320.0,,559
1468,10633758,448.0,,249
1469,10629127,416.0,,289
1470,10625584,320.0,,589
1471,10622361,288.0,,239
1472,10617409,224.0,,319
1473,10620636,352.0,,559
1474,10610262,320.0,,409
1475,10618468,512.0,,559
1476,10615690,224.0,,189
1477,10614747,951.0,,1699
1478,10611856,256.0,,229
1479,10611201,448.0,2069.0,2069
1480,10605050,448.0,,299
1481,10604678,383.0,,269
1482,10603774,352.0,,269
1483,10602840,320.0,,329
1484,10596828,768.0,,349
1485,10593741,112.0,,939
1486,10594773,495.0,,479
1487,10592330,256.0,,189
1488,10589528,320.0,,179
1489,10585698,448.0,,1719
1490,10463271,192.0,,719
1491,10579840,415.0,,429
1492,10581301,1325.0,,1359
1493,10480340,416.0,,1009
1494,10581014,592.0,,1469
1495,10580100,416.0,,269
1496,10579586,992.0,,1219
1497,10568267,328.0,,999
1498,10575957,2359.0,,869
1499,10574352,608.0,,289
1500,10574518,928.0,,1109
1501,10573328,413.0,,219
1502,10572624,1120.0,,1329
1503,10568268,431.0,,829
1504,10569585,286.0,,869
1505,10567124,127.0,,1319
1506,10569290,318.0,,249
1507,10402502,480.0,,359
1508,10565790,448.0,2129.0,2129
1509,10565573,960.0,,359
1510,10565333,736.0,,809
1511,10516942,1181.0,,1649
1512,10561413,640.0,,239
1513,10561077,541.0,,299
1514,10553432,480.0,,219
1515,10552357,640.0,,289
1516,10548602,919.0,2709.0,2709
1517,10547414,352.0,,249
1518,10546432,351.0,,259
1519,10539040,368.0,3159.0,3159
1520,10540985,480.0,,289
1521,10540515,224.0,,219
1522,10539869,352.0,,349
1523,10539815,480.0,,479
1524,10535148,256.0,,369
1525,10533505,512.0,2359.0,2359
1526,10533499,544.0,2329.0,2329
1527,10528783,479.0,,629
1528,10532484,256.0,,219
1529,10530959,511.0,,379
1530,10525257,704.0,,279
1531,10525259,512.0,,219
1532,10512843,448.0,,1179
1533,10510055,864.0,,1019
1534,10509206,384.0,,239
1535,10508383,527.0,,1629
1536,10506654,736.0,,339
1537,10496302,1120.0,,1399
1538,10491489,240.0,,169
1539,10490678,224.0,,579
1540,10489470,192.0,,299
1541,10486279,256.0,,1789
1542,10486281,256.0,2039.0,2039
1543,10488077,191.0,,319
1544,10488083,672.0,,239
1545,10483823,382.0,,189
1546,10478831,736.0,2319.0,2319
1547,10477816,1257.0,,1459
1548,10474752,800.0,,379
1549,10474757,256.0,,289
1550,10474745,384.0,,349
1551,10470515,1180.0,,1649
1552,10470499,224.0,,259
1553,10469277,352.0,,219
1554,10468815,894.0,,269
1555,10468100,352.0,,179
1556,10465197,320.0,,1789
1557,10465194,384.0,,1829
1558,10465196,384.0,,1909
1559,10463704,214.0,,589
1560,10455894,320.0,,349
1561,10453465,384.0,,159
1562,10452118,768.0,,289
1563,10451248,416.0,4219.0,4219
1564,10447635,414.0,,289
1565,10443793,319.0,3379.0,3379
1566,10443794,319.0,2879.0,2879
1567,10442116,318.0,,229
1568,10442037,827.0,,1859
1569,10439080,416.0,,249
1570,10438226,352.0,,199
1571,10433941,320.0,,229
1572,10433173,286.0,,319
1573,10430419,544.0,,359
1574,10430322,480.0,,229
1575,10425312,348.0,,239
1576,10423803,253.0,,389
1577,10420289,448.0,,269
1578,10418654,384.0,,219
1579,10418065,255.0,,159
1580,10365335,607.0,,319
1581,10411933,255.0,,549
1582,10404663,480.0,,409
1583,10391564,567.0,5339.0,5339
1584,10395845,544.0,,979
1585,10375640,832.0,,369
1586,10372218,415.0,,279
1587,10370092,272.0,,269
1588,10363716,350.0,,229
1589,10363825,478.0,,249
1590,10358516,288.0,,279
1591,10356374,445.0,,239
1592,10356060,960.0,,329
1593,10348939,256.0,,1529
1594,10347090,414.0,,259
1595,10340794,800.0,,279
1596,10341922,384.0,,429
1597,10326811,350.0,,199
1598,10323808,288.0,,249
1599,10323793,320.0,,329
1600,10323814,447.0,,259
1601,10323859,797.0,,329
1602,10321978,413.0,,179
1603,10314742,128.0,,769
1604,10314709,350.0,,239
1605,10309278,319.0,,279
1606,10302962,256.0,,319
1607,10295736,286.0,,259
1608,10286836,446.0,,179
1609,10285278,320.0,,229
1610,10277580,351.0,,319
1611,10263650,416.0,,259
1612,10261733,640.0,,269
1613,10257204,351.0,,229
1614,10250549,447.0,,439
1615,10239872,415.0,,369
1616,10239821,672.0,,409
1617,10237981,316.0,,209
1618,10233526,288.0,,179
1619,10231978,285.0,,229
1620,10231964,350.0,,239
1621,10227773,448.0,,249
1622,10227784,511.0,,369
1623,10220735,701.0,,609
1624,10215657,284.0,,229
1625,10217529,608.0,,239
1626,10214500,224.0,,219
1627,10198051,543.0,,299
1628,10201131,224.0,,319
1629,10200968,141.0,,809
1630,10189099,255.0,,369
1631,10158371,223.0,,179
1632,10177179,349.0,,199
1633,10159463,351.0,,299
1634,10122605,288.0,,189
1635,10957130,416.0,,239
